Blog,BlogName,John DeBella's Blog,_shows,John DeBella
Blog,BlogName,Debbi Calton's Blog,_shows,Debbi Calton
Blog,BlogName,Andre Gardner's Blog,_shows,Andre Gardner
Blog,BlogName,Ray Koob's Blog,_shows,Ray Koob
Blog,BlogName,Rich DeSisto's Blog,_shows,Rich DeSisto
Blog,BlogName,Tony Harris's Blog,_shows,Tony Harris
Blog,BlogName,T Morgan's Blog,_shows,T Morgan
Blog,BlogName,Jim Kinney's Blog,_shows,Jim Kinney
Blog,BlogName,Kathy Wagner's Blog,_shows,Kathy Wagner
Blog,BlogName,Cyndy Drue's Blog,_shows,Cyndy Drue
Blog,BlogName,Scott Carr's Blog,_shows,Scott Carr
Blog,BlogName,Classic Rock Video of the Day,category,Classic Rock Video of the Day
Blog,BlogName,Ask the DJ Blog,category,Ask the DJ Blog
Blog,BlogName,Between The Grooves,category,Between The Grooves
Blog,BlogName,Straight from the Studio,category,Straight from the Studio
